Category,Disease,Symptoms,Supplement,Dose
Heart   disease,High blood presure,,linopress,1 -0-1
Heart   disease,High blood presure,,L arginine,1-0-0
Heart   disease,High blood presure,,Arjuna tablet,1-0-1
Heart   disease,Heart health,normal person to prevent chances   of heart disease,linopress,1 -0-1
Heart   disease,high cholesterol,,linopress,1-0-1
Heart   disease,high cholesterol,,Ashyuka plus,10 ml twice a day
Heart   disease,high cholesterol,,Arjuna tablet,1-0-1
Cancer,All type of cancer,,immuferin,2 -2-2-
Cancer,All type of cancer,,ashyuka plus,20 ml twice a day
Cancer,All type of cancer,,Active 365,1 -0-1-
bone   disease,osteo arthritis,,serronil,1-1-1-
bone   disease,osteo arthritis,,calcimus,0-1-0
bone   disease,osteo arthritis,,Wal D3,4 spray in a day
bone   disease,Rhuematoid arthritis,,Immuferin,1-1-1-
bone   disease,Rhuematoid arthritis,,Ashyuka plus,15 ml twice a day
bone   disease,Rhuematoid arthritis,,serronil,1-0-1
bone   disease,Gout,,liver detox,0-1-0
bone   disease,Gout,,Ashyuka plus,1-0-1
bone   disease,Gout,,Serronil,1-0-1
bone   disease,bone fracture,,calciumus,1-0-1
bone   disease,bone fracture,,Wal D3,1-0-0
bone   disease,bone fracture,,Hadjoj,1-0-1
bone   disease,Muscular back pain,,Active 365,1-0-0
bone   disease,Muscular back pain,,Strenus caps,1-0-1
bone   disease,Muscular back pain,,Strenus oil,01-01-2001
bone   disease,spondilits,,immuferin,1-0-1
bone   disease,spondilits,,Active 365,0-1-0
bone   disease,spondilits,,Ashwagandha tablet,1-0-1
bone   disease,Osteoporosis,,Calcimus,1-0-1
bone   disease,Osteoporosis,,wal D3,4 sprays in a day
bone   disease,Osteoporosis,,Multivitamin men/women,1-0-0
Lungs,Brochial asthma,,respitone,01-01-2001
Lungs,Brochial asthma,,n acetyl cysteine,1-0-1
Lungs,Brochial asthma,,Ashyuka plus,1-0-1
Lungs,Allergic ashtma,,respitone,01-01-2001
Lungs,Allergic ashtma,,n acetyl cysteine,1-0-1
Lungs,Allergic ashtma,,Ashyuka plus,10 ml twice a day
Lungs,Cystic fibrosis,,Multivitamin for men/women,1-0-0
Lungs,Cystic fibrosis,,Ashyuka plus,1-0-1
Lungs,Cystic fibrosis,,kanchanar guggul,1-0-1
Lungs,Pneumonia,,Immuferin,01-01-2001
Lungs,Pneumonia,,Multivitamin men/ women,1-0-0
Lungs,Pneumonia,,Ashyuka plus,1-0-1
Mouth,abscess,,immuferin,01-01-2001
Mouth,abscess,,Active 365,01-01-2001
Mouth,abscess,,Vitamin C,1-0-1
Mouth,mouth ulcer,,Multi vitamin men/women,1-0-0
Mouth,mouth ulcer,,Vitamin c,1-0-1
Mouth,mouth ulcer,,Hepatreat,1-0-1
Mouth,Payoria,,mouth wash,twice a day
Mouth,Payoria,,Vitamin C,1-0-0
Mouth,Payoria,,Immuferin,1-0-1
Mouth,Dental cavity,,calciumus,1-0-0
Mouth,Dental cavity,,Vitamin D3,1-0-0
Face,acne,,Active 365,1-0-1
Face,acne,,Xemma cream,01-01-2001
Face,acne,,Anti acne face wash,01-01-2001
Face,Skin lightening,,ella gorgeus kit,
Face,Skin lightening,,Active 365,1-0-1
Face,Skin lightening,,sun screen lotion,1-0-0
Face,anti ageing / wrinkles,,serum,
ear,otitis / ear infection,,immuferin,1-0-1
ear,otitis / ear infection,,Active 365,1-0-1
throat,tonsilits,,Throatwal,1-0-1
throat,tonsilits,,immuferin,01-01-2001
throat,tonsilits,,Active 365\`,1-0-1
Stomach,gastritis (acidity and gas),,Ashyuka plus,1-0-1
Stomach,gastritis (acidity and gas),,Rhiza,1-0-1
Stomach,gastritis (acidity and gas),,Avipathikar tablet,1-0-1
Stomach,Heart burn,,Ashyuka plus,1-0-1
Stomach,Heart burn,,Rhiza,1-0-1
Stomach,Heart burn,,Avipathikar tablet,1-0-1
Stomach,GERD,,Ashyuka plus,1-0-1
Stomach,GERD,,Rhiza,1-0-1
Stomach,GERD,,Avipathikar tablet,1-0-1
Stomach,Constipation,,Ashyuka plus,1-0-1
Stomach,Constipation,,Laxia,0-0-1
Stomach,Constipation,,Trifala/satwik,0-0-1
Stomach,Chronic constipation,,Ashyuka plus,1-0-1
Stomach,Chronic constipation,,hepatreat,1-0-1
Stomach,Chronic constipation,,Laxia,0-0-1
Stomach,Diarroahoea,,prowal,1-0-1
Stomach,Diarroahoea,,Immuferin,1-0-1
Stomach,Stomach ulcer,,Immuferin,01-01-2001
Stomach,Stomach ulcer,,Prowal,01-01-2001
Stomach,Stomach ulcer,,Hepatreat tablet,1-0-1
Stomach,acne,,Milk thistle,1-0-0
